Protocollo;Gruppo;DataOraIncidente;Localizzazione1;STRADA1;Localizzazione2;STRADA2;Strada02;Chilometrica;DaSpecificare;NaturaIncidente;particolaritastrade;TipoStrada;FondoStradale;Pavimentazione;Segnaletica;CondizioneAtmosferica;Traffico;Visibilita;Illuminazione;NUM_FERITI;NUM_RISERVATA;NUM_MORTI;NUM_ILLESI;Longitudine;Latitudine;Confermato;Progressivo;TipoVeicolo;StatoVeicolo;TipoPersona;Sesso;Tipolesione;Deceduto;DecedutoDopo;CinturaCascoUtilizzato;Airbag
1845017;12;26/07/2010 19:00;Strada Urbana;VIA DI ACQUA ACETOSA OSTIENSE;all'intersezione con;VIA PONTINA;VIA PONTINA;;;Scontro frontale fra veicoli in marcia;Intersezione stradale segnalata;Una carreggiata a senso unico di marcia;Asciutto;Asfaltata;Verticale ed orizzontale;Sereno;Normale;Buona;Ore Diurne;2;0;0;1;;;-1;1;Autovettura privata;In marcia / fermata / arresto;Conducente;M;Illeso;0;;Utilizzato;Inesistente
1845017;12;26/07/2010 19:00;Strada Urbana;VIA DI ACQUA ACETOSA OSTIENSE;all'intersezione con;VIA PONTINA;VIA PONTINA;;;Scontro frontale fra veicoli in marcia;Intersezione stradale segnalata;Una carreggiata a senso unico di marcia;Asciutto;Asfaltata;Verticale ed orizzontale;Sereno;Normale;Buona;Ore Diurne;2;0;0;1;;;-1;2;Ciclomotore con passeggero;In marcia / fermata / arresto;Conducente;M;Rimandato;0;NON DECEDUTO;Utilizzato;Inesistente
1845017;12;26/07/2010 19:00;Strada Urbana;VIA DI ACQUA ACETOSA OSTIENSE;all'intersezione con;VIA PONTINA;VIA PONTINA;;;Scontro frontale fra veicoli in marcia;Intersezione stradale segnalata;Una carreggiata a senso unico di marcia;Asciutto;Asfaltata;Verticale ed orizzontale;Sereno;Normale;Buona;Ore Diurne;2;0;0;1;;;-1;2;Ciclomotore con passeggero;In marcia / fermata / arresto;Passeggero;M;Rimandato;0;NON DECEDUTO;Utilizzato;Inesistente
1845018;12;26/07/2010 10:45;Strada Urbana;VIA CRISTOFORO COLOMBO;da specificare;;;;laterale dir. G.R.A. prossimità Via D.Jachino;Tamponamento;Rettilineo;Una carreggiata a senso unico di marcia;Asciutto;Asfaltata;Verticale ed orizzontale;Sereno;Normale;Buona;Ore Diurne;0;0;0;2;;;-1;1;Motociclo a solo;In marcia / fermata / arresto;Conducente;M;Illeso;0;;Utilizzato;Inesistente
1845018;12;26/07/2010 10:45;Strada Urbana;VIA CRISTOFORO COLOMBO;da specificare;;;;laterale dir. G.R.A. prossimità Via D.Jachino;Tamponamento;Rettilineo;Una carreggiata a senso unico di marcia;Asciutto;Asfaltata;Verticale ed orizzontale;Sereno;Normale;Buona;Ore Diurne;0;0;0;2;;;-1;2;Autovettura privata;In marcia / fermata / arresto;Conducente;F;Illeso;0;;Utilizzato;Inesploso
1845019;12;26/07/2010 10:45;Strada Urbana;VIA CRISTOFORO COLOMBO;all'intersezione semaforizzata con;VIALE EUROPA;VIALE EUROPA;;;Scontro laterale fra veicoli in marcia;Intersezione semaforizzata;Più di due carreggiate;Asciutto;Asfaltata;Verticale ed orizzontale;Sereno;Normale;Buona;Ore Diurne;0;0;0;2;;;-1;1;Autovettura privata;In marcia / fermata / arresto;Conducente;M;Illeso;0;;Utilizzato;Inesistente
1845019;12;26/07/2010 10:45;Strada Urbana;VIA CRISTOFORO COLOMBO;all'intersezione semaforizzata con;VIALE EUROPA;VIALE EUROPA;;;Scontro laterale fra veicoli in marcia;Intersezione semaforizzata;Più di due carreggiate;Asciutto;Asfaltata;Verticale ed orizzontale;Sereno;Normale;Buona;Ore Diurne;0;0;0;2;;;-1;2;Motociclo a solo;In marcia / fermata / arresto;Conducente;M;Illeso;0;;Utilizzato;Inesistente
1845021;12;26/07/2010 14:30;Strada Urbana;VIA CARMELO MAESTRINI;da specificare;;;;prossimità via Pontina laterale;Scontro laterale fra veicoli in marcia;Rettilineo;Una carreggiata a doppio senso;Asciutto;Asfaltata;Verticale ed orizzontale;Sereno;Scarso;Buona;Ore Diurne;1;0;0;2;;;-1;1;Autovettura privata;In marcia / fermata / arresto;Conducente;F;Illeso;0;;Utilizzato;Inesistente
1845021;12;26/07/2010 14:30;Strada Urbana;VIA CARMELO MAESTRINI;da specificare;;;;prossimità via Pontina laterale;Scontro laterale fra veicoli in marcia;Rettilineo;Una carreggiata a doppio senso;Asciutto;Asfaltata;Verticale ed orizzontale;Sereno;Scarso;Buona;Ore Diurne;1;0;0;2;;;-1;1;Autovettura privata;In marcia / fermata / arresto;Passeggero;M;Illeso;0;;Utilizzato;Inesistente
1845021;12;26/07/2010 14:30;Strada Urbana;VIA CARMELO MAESTRINI;da specificare;;;;prossimità via Pontina laterale;Scontro laterale fra veicoli in marcia;Rettilineo;Una carreggiata a doppio senso;Asciutto;Asfaltata;Verticale ed orizzontale;Sereno;Scarso;Buona;Ore Diurne;1;0;0;2;;;-1;2;Autovettura privata;In marcia / fermata / arresto;Conducente;F;Rimandato;0;NON DECEDUTO;Utilizzato;Inesistente
1845022;12;26/07/2010 14:30;Strada Urbana;VIA CARMELO MAESTRINI;da specificare;;;;prossimità Via Pontina laterale;Veicolo in marcia contro veicolo arresto;Rettilineo;Una carreggiata a doppio senso;Asciutto;Asfaltata;Verticale ed orizzontale;Sereno;Scarso;Buona;Ore Diurne;0;0;0;4;;;-1;1;Autovettura privata;In marcia / fermata / arresto;Conducente;F;Illeso;0;;Utilizzato;Inesploso
1845022;12;26/07/2010 14:30;Strada Urbana;VIA CARMELO MAESTRINI;da specificare;;;;prossimità Via Pontina laterale;Veicolo in marcia contro veicolo arresto;Rettilineo;Una carreggiata a doppio senso;Asciutto;Asfaltata;Verticale ed orizzontale;Sereno;Scarso;Buona;Ore Diurne;0;0;0;4;;;-1;1;Autovettura privata;In marcia / fermata / arresto;Passeggero;M;Illeso;0;;Non accertato;Inesistente
1845022;12;26/07/2010 14:30;Strada Urbana;VIA CARMELO MAESTRINI;da specificare;;;;prossimità Via Pontina laterale;Veicolo in marcia contro veicolo arresto;Rettilineo;Una carreggiata a doppio senso;Asciutto;Asfaltata;Verticale ed orizzontale;Sereno;Scarso;Buona;Ore Diurne;0;0;0;4;;;-1;2;Autovettura privata;In marcia / fermata / arresto;Conducente;M;Illeso;0;;Utilizzato;Inesploso
1845022;12;26/07/2010 14:30;Strada Urbana;VIA CARMELO MAESTRINI;da specificare;;;;prossimità Via Pontina laterale;Veicolo in marcia contro veicolo arresto;Rettilineo;Una carreggiata a doppio senso;Asciutto;Asfaltata;Verticale ed orizzontale;Sereno;Scarso;Buona;Ore Diurne;0;0;0;4;;;-1;2;Autovettura privata;In marcia / fermata / arresto;Passeggero;F;Illeso;0;;Utilizzato;Inesistente
1845023;12;26/07/2010 17:45;Strada Urbana;VIA LAURENTINA;da specificare;;;;prox. via Oscar Sinigaglia;Tamponamento;Rettilineo;Due carreggiate;Asciutto;Asfaltata;Verticale ed orizzontale;Sereno;Normale;Buona;Ore Diurne;1;0;0;1;;;-1;1;Motociclo a solo;In marcia / fermata / arresto;Conducente;M;Rimandato;0;NON DECEDUTO;Utilizzato;Inesploso
1845023;12;26/07/2010 17:45;Strada Urbana;VIA LAURENTINA;da specificare;;;;prox. via Oscar Sinigaglia;Tamponamento;Rettilineo;Due carreggiate;Asciutto;Asfaltata;Verticale ed orizzontale;Sereno;Normale;Buona;Ore Diurne;1;0;0;1;;;-1;2;Autovettura privata;In marcia / fermata / arresto;Conducente;F;Illeso;0;;Utilizzato;Inesploso
1845024;12;27/07/2010 01:30;Strada Urbana;VIA DELLE TRE FONTANE;all'intersezione semaforizzata con;VIALE DELL'INDUSTRIA;VIALE DELL'INDUSTRIA;;;Scontro laterale fra veicoli in marcia;Intersezione semaforizzata;Una carreggiata a doppio senso;Asciutto;Asfaltata;Verticale ed orizzontale;Sereno;Scarso;Buona;Sufficiente;0;0;0;4;;;-1;1;Autovettura privata;In marcia / fermata / arresto;Conducente;M;Illeso;0;;Utilizzato;Inesistente
1845024;12;27/07/2010 01:30;Strada Urbana;VIA DELLE TRE FONTANE;all'intersezione semaforizzata con;VIALE DELL'INDUSTRIA;VIALE DELL'INDUSTRIA;;;Scontro laterale fra veicoli in marcia;Intersezione semaforizzata;Una carreggiata a doppio senso;Asciutto;Asfaltata;Verticale ed orizzontale;Sereno;Scarso;Buona;Sufficiente;0;0;0;4;;;-1;1;Autovettura privata;In marcia / fermata / arresto;Passeggero;F;Illeso;0;;Utilizzato;Inesistente
1845024;12;27/07/2010 01:30;Strada Urbana;VIA DELLE TRE FONTANE;all'intersezione semaforizzata con;VIALE DELL'INDUSTRIA;VIALE DELL'INDUSTRIA;;;Scontro laterale fra veicoli in marcia;Intersezione semaforizzata;Una carreggiata a doppio senso;Asciutto;Asfaltata;Verticale ed orizzontale;Sereno;Scarso;Buona;Sufficiente;0;0;0;4;;;-1;2;Autovettura privata;In marcia / fermata / arresto;Conducente;M;Illeso;0;;Utilizzato;Inesistente
1845024;12;27/07/2010 01:30;Strada Urbana;VIA DELLE TRE FONTANE;all'intersezione semaforizzata con;VIALE DELL'INDUSTRIA;VIALE DELL'INDUSTRIA;;;Scontro laterale fra veicoli in marcia;Intersezione semaforizzata;Una carreggiata a doppio senso;Asciutto;Asfaltata;Verticale ed orizzontale;Sereno;Scarso;Buona;Sufficiente;0;0;0;4;;;-1;2;Autovettura privata;In marcia / fermata / arresto;Passeggero;F;Illeso;0;;Utilizzato;Inesistente
1845025;13;12/07/2010 12:00;Strada Urbana;VIALE CHARLES LENORMANT;da specificare;;;;ORESSI SERVICE DAMI;Scontro frontale/laterale DX fra veicoli in marcia;Rettilineo;Una carreggiata a senso unico alternato;Asciutto;Asfaltata;Assente;Sereno;Normale;Buona;Ore Diurne;0;0;0;4;;;-1;1;Autovettura privata;In marcia / fermata / arresto;Conducente;M;Illeso;0;;Non accertato;Inesistente
1845025;13;12/07/2010 12:00;Strada Urbana;VIALE CHARLES LENORMANT;da specificare;;;;ORESSI SERVICE DAMI;Scontro frontale/laterale DX fra veicoli in marcia;Rettilineo;Una carreggiata a senso unico alternato;Asciutto;Asfaltata;Assente;Sereno;Normale;Buona;Ore Diurne;0;0;0;4;;;-1;1;Autovettura privata;In marcia / fermata / arresto;Passeggero;M;Illeso;0;;Non accertato;Inesistente
1845025;13;12/07/2010 12:00;Strada Urbana;VIALE CHARLES LENORMANT;da specificare;;;;ORESSI SERVICE DAMI;Scontro frontale/laterale DX fra veicoli in marcia;Rettilineo;Una carreggiata a senso unico alternato;Asciutto;Asfaltata;Assente;Sereno;Normale;Buona;Ore Diurne;0;0;0;4;;;-1;1;Autovettura privata;In marcia / fermata / arresto;Passeggero;M;Illeso;0;;Non accertato;Inesistente
1845025;13;12/07/2010 12:00;Strada Urbana;VIALE CHARLES LENORMANT;da specificare;;;;ORESSI SERVICE DAMI;Scontro frontale/laterale DX fra veicoli in marcia;Rettilineo;Una carreggiata a senso unico alternato;Asciutto;Asfaltata;Assente;Sereno;Normale;Buona;Ore Diurne;0;0;0;4;;;-1;2;Autocarro inferiore 35 q.;In marcia / fermata / arresto;Conducente;M;Illeso;0;;Non accertato;Inesistente
1845026;13;25/07/2010 14:10;Strada Urbana;LUNGOMARE AMERIGO VESPUCCI;da specificare;;;;"Altezza stabilimento ""La casetta""";Tamponamento;Rettilineo;Due carreggiate;Asciutto;Asfaltata;Orizzontale;Sereno;Normale;Buona;Ore Diurne;1;0;0;2;;;-1;1;Autovettura privata;In marcia / fermata / arresto;Conducente;F;Illeso;0;;Non accertato;Inesistente
1845026;13;25/07/2010 14:10;Strada Urbana;LUNGOMARE AMERIGO VESPUCCI;da specificare;;;;"Altezza stabilimento ""La casetta""";Tamponamento;Rettilineo;Due carreggiate;Asciutto;Asfaltata;Orizzontale;Sereno;Normale;Buona;Ore Diurne;1;0;0;2;;;-1;2;Ciclomotore;In marcia / fermata / arresto;Conducente;F;Rimandato;0;NON DECEDUTO;Non accertato;Inesistente
1845026;13;25/07/2010 14:10;Strada Urbana;LUNGOMARE AMERIGO VESPUCCI;da specificare;;;;"Altezza stabilimento ""La casetta""";Tamponamento;Rettilineo;Due carreggiate;Asciutto;Asfaltata;Orizzontale;Sereno;Normale;Buona;Ore Diurne;1;0;0;2;;;-1;2;Ciclomotore;In marcia / fermata / arresto;Passeggero;F;Illeso;0;;Non accertato;Inesistente
1845027;13;25/07/2010 21:00;Provinciale;VIA LITORANEA;in corrispondenza;;della chilometrica ;4;;Tamponamento Multiplo;Rettilineo;Una carreggiata a doppio senso;Asciutto;Asfaltata;Orizzontale;Sereno;Scarso;Buona;Inesistente;3;0;0;3;;;-1;1;Autovettura privata;In marcia / fermata / arresto;Conducente;M;Illeso;0;;Non accertato;Inesistente
1845027;13;25/07/2010 21:00;Provinciale;VIA LITORANEA;in corrispondenza;;della chilometrica ;4;;Tamponamento Multiplo;Rettilineo;Una carreggiata a doppio senso;Asciutto;Asfaltata;Orizzontale;Sereno;Scarso;Buona;Inesistente;3;0;0;3;;;-1;1;Autovettura privata;In marcia / fermata / arresto;Passeggero;F;Rimandato;0;NON DECEDUTO;Non accertato;Inesistente
1845027;13;25/07/2010 21:00;Provinciale;VIA LITORANEA;in corrispondenza;;della chilometrica ;4;;Tamponamento Multiplo;Rettilineo;Una carreggiata a doppio senso;Asciutto;Asfaltata;Orizzontale;Sereno;Scarso;Buona;Inesistente;3;0;0;3;;;-1;1;Autovettura privata;In marcia / fermata / arresto;Passeggero;M;Illeso;0;;Non accertato;Inesistente
1845027;13;25/07/2010 21:00;Provinciale;VIA LITORANEA;in corrispondenza;;della chilometrica ;4;;Tamponamento Multiplo;Rettilineo;Una carreggiata a doppio senso;Asciutto;Asfaltata;Orizzontale;Sereno;Scarso;Buona;Inesistente;3;0;0;3;;;-1;2;Autovettura privata;In marcia / fermata / arresto;Conducente;M;Rimandato;0;NON DECEDUTO;Non accertato;Inesistente
1845027;13;25/07/2010 21:00;Provinciale;VIA LITORANEA;in corrispondenza;;della chilometrica ;4;;Tamponamento Multiplo;Rettilineo;Una carreggiata a doppio senso;Asciutto;Asfaltata;Orizzontale;Sereno;Scarso;Buona;Inesistente;3;0;0;3;;;-1;2;Autovettura privata;In marcia / fermata / arresto;Passeggero;F;Rimandato;0;NON DECEDUTO;Non accertato;Inesistente
1845027;13;25/07/2010 21:00;Provinciale;VIA LITORANEA;in corrispondenza;;della chilometrica ;4;;Tamponamento Multiplo;Rettilineo;Una carreggiata a doppio senso;Asciutto;Asfaltata;Orizzontale;Sereno;Scarso;Buona;Inesistente;3;0;0;3;;;-1;3;Autovettura privata;In marcia / fermata / arresto;Conducente;F;Illeso;0;;Non accertato;Inesistente
1845028;13;26/07/2010 08:05;Strada Urbana;VIA DELLE BALENIERE;in corrispondenza;;del civico n. ;8;;Scontro frontale/laterale SX fra veicoli in marcia;Rettilineo;Una carreggiata a senso unico di marcia;Asciutto;Asfaltata;Orizzontale;Sereno;Normale;Buona;Ore Diurne;7;1;0;1;;;-1;;;;Pedone;M;Rimandato;0;NON DECEDUTO;;
1845028;13;26/07/2010 08:05;Strada Urbana;VIA DELLE BALENIERE;in corrispondenza;;del civico n. ;8;;Scontro frontale/laterale SX fra veicoli in marcia;Rettilineo;Una carreggiata a senso unico di marcia;Asciutto;Asfaltata;Orizzontale;Sereno;Normale;Buona;Ore Diurne;7;1;0;1;;;-1;;;;Pedone;M;Rimandato;0;NON DECEDUTO;;
1845028;13;26/07/2010 08:05;Strada Urbana;VIA DELLE BALENIERE;in corrispondenza;;del civico n. ;8;;Scontro frontale/laterale SX fra veicoli in marcia;Rettilineo;Una carreggiata a senso unico di marcia;Asciutto;Asfaltata;Orizzontale;Sereno;Normale;Buona;Ore Diurne;7;1;0;1;;;-1;;;;Pedone;F;Rimandato;0;NON DECEDUTO;;
1845028;13;26/07/2010 08:05;Strada Urbana;VIA DELLE BALENIERE;in corrispondenza;;del civico n. ;8;;Scontro frontale/laterale SX fra veicoli in marcia;Rettilineo;Una carreggiata a senso unico di marcia;Asciutto;Asfaltata;Orizzontale;Sereno;Normale;Buona;Ore Diurne;7;1;0;1;;;-1;;;;Pedone;M;Rimandato;0;NON DECEDUTO;;
1845028;13;26/07/2010 08:05;Strada Urbana;VIA DELLE BALENIERE;in corrispondenza;;del civico n. ;8;;Scontro frontale/laterale SX fra veicoli in marcia;Rettilineo;Una carreggiata a senso unico di marcia;Asciutto;Asfaltata;Orizzontale;Sereno;Normale;Buona;Ore Diurne;7;1;0;1;;;-1;;;;Pedone;F;Rimandato;0;NON DECEDUTO;;
1845028;13;26/07/2010 08:05;Strada Urbana;VIA DELLE BALENIERE;in corrispondenza;;del civico n. ;8;;Scontro frontale/laterale SX fra veicoli in marcia;Rettilineo;Una carreggiata a senso unico di marcia;Asciutto;Asfaltata;Orizzontale;Sereno;Normale;Buona;Ore Diurne;7;1;0;1;;;-1;;;;Pedone;F;Rimandato;0;NON DECEDUTO;;
1845028;13;26/07/2010 08:05;Strada Urbana;VIA DELLE BALENIERE;in corrispondenza;;del civico n. ;8;;Scontro frontale/laterale SX fra veicoli in marcia;Rettilineo;Una carreggiata a senso unico di marcia;Asciutto;Asfaltata;Orizzontale;Sereno;Normale;Buona;Ore Diurne;7;1;0;1;;;-1;1;Autovettura privata;In marcia / fermata / arresto;Conducente;M;Illeso;0;;Non accertato;Inesistente
1845028;13;26/07/2010 08:05;Strada Urbana;VIA DELLE BALENIERE;in corrispondenza;;del civico n. ;8;;Scontro frontale/laterale SX fra veicoli in marcia;Rettilineo;Una carreggiata a senso unico di marcia;Asciutto;Asfaltata;Orizzontale;Sereno;Normale;Buona;Ore Diurne;7;1;0;1;;;-1;2;Motociclo con passeggero;In marcia / fermata / arresto;Conducente;M;Rimandato;0;NON DECEDUTO;Non accertato;Inesistente
1845028;13;26/07/2010 08:05;Strada Urbana;VIA DELLE BALENIERE;in corrispondenza;;del civico n. ;8;;Scontro frontale/laterale SX fra veicoli in marcia;Rettilineo;Una carreggiata a senso unico di marcia;Asciutto;Asfaltata;Orizzontale;Sereno;Normale;Buona;Ore Diurne;7;1;0;1;;;-1;2;Motociclo con passeggero;In marcia / fermata / arresto;Passeggero;M;Prognosi riservata;0;NON DECEDUTO;Non accertato;Inesistente
1845029;13;26/07/2010 13:10;Strada Urbana;VIA DI ACILIA;in corrispondenza;;del civico n. ;171;;Scontro frontale/laterale SX fra veicoli in marcia;Rettilineo;Una carreggiata a doppio senso;Asciutto;Asfaltata;Orizzontale;Sereno;Normale;Buona;Ore Diurne;0;0;0;4;;;-1;1;Autovettura privata;In marcia / fermata / arresto;Conducente;M;Illeso;0;;Non accertato;Inesistente
1845029;13;26/07/2010 13:10;Strada Urbana;VIA DI ACILIA;in corrispondenza;;del civico n. ;171;;Scontro frontale/laterale SX fra veicoli in marcia;Rettilineo;Una carreggiata a doppio senso;Asciutto;Asfaltata;Orizzontale;Sereno;Normale;Buona;Ore Diurne;0;0;0;4;;;-1;1;Autovettura privata;In marcia / fermata / arresto;Passeggero;F;Illeso;0;;Non accertato;Inesistente
1845029;13;26/07/2010 13:10;Strada Urbana;VIA DI ACILIA;in corrispondenza;;del civico n. ;171;;Scontro frontale/laterale SX fra veicoli in marcia;Rettilineo;Una carreggiata a doppio senso;Asciutto;Asfaltata;Orizzontale;Sereno;Normale;Buona;Ore Diurne;0;0;0;4;;;-1;1;Autovettura privata;In marcia / fermata / arresto;Passeggero;F;Illeso;0;;Non accertato;Inesistente
1845029;13;26/07/2010 13:10;Strada Urbana;VIA DI ACILIA;in corrispondenza;;del civico n. ;171;;Scontro frontale/laterale SX fra veicoli in marcia;Rettilineo;Una carreggiata a doppio senso;Asciutto;Asfaltata;Orizzontale;Sereno;Normale;Buona;Ore Diurne;0;0;0;4;;;-1;2;Autovettura privata;In marcia / fermata / arresto;Conducente;F;Illeso;0;;Non accertato;Inesistente
1845030;13;26/07/2010 15:30;Strada Urbana;PIAZZA TOLOSETTO FARINATI DEGLI UBERTI;da specificare;;;;SULLA PIAZZA;Scontro frontale/laterale DX fra veicoli in marcia;Rettilineo;Due carreggiate;Asciutto;Asfaltata;Verticale;Sereno;Normale;Buona;Ore Diurne;0;0;0;5;;;-1;1;Autovettura privata;In marcia / fermata / arresto;Conducente;F;Illeso;0;;Non accertato;Inesploso
1845030;13;26/07/2010 15:30;Strada Urbana;PIAZZA TOLOSETTO FARINATI DEGLI UBERTI;da specificare;;;;SULLA PIAZZA;Scontro frontale/laterale DX fra veicoli in marcia;Rettilineo;Due carreggiate;Asciutto;Asfaltata;Verticale;Sereno;Normale;Buona;Ore Diurne;0;0;0;5;;;-1;1;Autovettura privata;In marcia / fermata / arresto;Passeggero;F;Illeso;0;;Non accertato;Inesploso
1845030;13;26/07/2010 15:30;Strada Urbana;PIAZZA TOLOSETTO FARINATI DEGLI UBERTI;da specificare;;;;SULLA PIAZZA;Scontro frontale/laterale DX fra veicoli in marcia;Rettilineo;Due carreggiate;Asciutto;Asfaltata;Verticale;Sereno;Normale;Buona;Ore Diurne;0;0;0;5;;;-1;1;Autovettura privata;In marcia / fermata / arresto;Passeggero;F;Illeso;0;;Non accertato;Inesploso
1845030;13;26/07/2010 15:30;Strada Urbana;PIAZZA TOLOSETTO FARINATI DEGLI UBERTI;da specificare;;;;SULLA PIAZZA;Scontro frontale/laterale DX fra veicoli in marcia;Rettilineo;Due carreggiate;Asciutto;Asfaltata;Verticale;Sereno;Normale;Buona;Ore Diurne;0;0;0;5;;;-1;1;Autovettura privata;In marcia / fermata / arresto;Passeggero;M;Illeso;0;;Non accertato;Inesistente
1845030;13;26/07/2010 15:30;Strada Urbana;PIAZZA TOLOSETTO FARINATI DEGLI UBERTI;da specificare;;;;SULLA PIAZZA;Scontro frontale/laterale DX fra veicoli in marcia;Rettilineo;Due carreggiate;Asciutto;Asfaltata;Verticale;Sereno;Normale;Buona;Ore Diurne;0;0;0;5;;;-1;2;Autovettura privata;In marcia / fermata / arresto;Conducente;F;Illeso;0;;Non accertato;Inesistente
1845031;13;26/07/2010 16:25;Strada Urbana;PIAZZALE AMERIGO VESPUCCI;da specificare;;;;FRONTE CIVICO 43;Veicolo in marcia contro veicolo in sosta;Rettilineo;Una carreggiata a doppio senso;Asciutto;Asfaltata;Orizzontale;Sereno;Normale;Buona;Ore Diurne;1;0;0;0;;;-1;1;Autovettura privata;In marcia / fermata / arresto;Conducente;F;Rimandato;0;NON DECEDUTO;Non accertato;Esploso
1845032;13;26/07/2010 16:40;Provinciale;VIA LITORANEA;da specificare;;;;ALTEZZA 1° CANCELLO;Tamponamento;Rettilineo;Una carreggiata a doppio senso;Asciutto;Asfaltata;Verticale ed orizzontale;Sereno;Normale;Buona;Ore Diurne;1;0;0;1;;;-1;1;Motociclo con passeggero;In marcia / fermata / arresto;Conducente;M;Rimandato;0;NON DECEDUTO;Non accertato;Inesploso
1845032;13;26/07/2010 16:40;Provinciale;VIA LITORANEA;da specificare;;;;ALTEZZA 1° CANCELLO;Tamponamento;Rettilineo;Una carreggiata a doppio senso;Asciutto;Asfaltata;Verticale ed orizzontale;Sereno;Normale;Buona;Ore Diurne;1;0;0;1;;;-1;2;Autovettura privata;In marcia / fermata / arresto;Conducente;M;Illeso;0;;Non accertato;Inesploso
1845033;13;26/07/2010 17:25;Strada Urbana;VIA DELLE BALENIERE;all'intersezione con;VIA ISOLE SAMOA;VIA ISOLE SAMOA;;;Investimento di pedone;Incrocio;Una carreggiata a doppio senso;Asciutto;Asfaltata;Verticale ed orizzontale;Sereno;Normale;Buona;Ore Diurne;1;0;0;1;;;-1;;;;Pedone;M;Rimandato;0;NON DECEDUTO;;
1845033;13;26/07/2010 17:25;Strada Urbana;VIA DELLE BALENIERE;all'intersezione con;VIA ISOLE SAMOA;VIA ISOLE SAMOA;;;Investimento di pedone;Incrocio;Una carreggiata a doppio senso;Asciutto;Asfaltata;Verticale ed orizzontale;Sereno;Normale;Buona;Ore Diurne;1;0;0;1;;;-1;1;Autovettura privata;In marcia / fermata / arresto;Conducente;M;Illeso;0;;Non accertato;Inesistente
1845034;13;26/07/2010 17:50;Provinciale;VIA LITORANEA;da specificare;;;;PRESSI V  CANCELLO;Tamponamento;Rettilineo;Una carreggiata a doppio senso;Asciutto;Asfaltata;Verticale ed orizzontale;Sereno;Intenso;Buona;Ore Diurne;0;0;0;2;;;-1;1;Autovettura privata;In marcia / fermata / arresto;Conducente;M;Illeso;0;;Non accertato;Inesistente
1845034;13;26/07/2010 17:50;Provinciale;VIA LITORANEA;da specificare;;;;PRESSI V  CANCELLO;Tamponamento;Rettilineo;Una carreggiata a doppio senso;Asciutto;Asfaltata;Verticale ed orizzontale;Sereno;Intenso;Buona;Ore Diurne;0;0;0;2;;;-1;2;Autovettura privata;In marcia / fermata / arresto;Conducente;M;Illeso;0;;Non accertato;Inesistente
1845035;16;01/07/2010 06:45;Strada Urbana;VIA DELLA PISANA;in corrispondenza;;del civico n. ;216;;Scontro frontale/laterale DX fra veicoli in marcia;Rettilineo;Una carreggiata a doppio senso;Asciutto;Asfaltata;Assente;Sereno;Normale;Buona;Ore Diurne;0;0;0;2;;;-1;1;Autovettura privata;In marcia / fermata / arresto;Conducente;M;Illeso;0;;Non accertato;Inesistente
1845035;16;01/07/2010 06:45;Strada Urbana;VIA DELLA PISANA;in corrispondenza;;del civico n. ;216;;Scontro frontale/laterale DX fra veicoli in marcia;Rettilineo;Una carreggiata a doppio senso;Asciutto;Asfaltata;Assente;Sereno;Normale;Buona;Ore Diurne;0;0;0;2;;;-1;2;Autovettura privata;In marcia / fermata / arresto;Conducente;F;Illeso;0;;Non accertato;Inesistente
1845036;16;01/07/2010 10:50;Strada Urbana;VIA LAURA MANTEGAZZA;all'intersezione con;VIA S. VINCENZO DE' PAOLI;VIA S. VINCENZO DE' PAOLI;;;Investimento di pedone;Incrocio;Una carreggiata a senso unico di marcia;Asciutto;Asfaltata;Verticale ed orizzontale;Sereno;Normale;Buona;Ore Diurne;1;0;0;1;;;-1;;;;Pedone;M;Rimandato;0;NON DECEDUTO;;
1845036;16;01/07/2010 10:50;Strada Urbana;VIA LAURA MANTEGAZZA;all'intersezione con;VIA S. VINCENZO DE' PAOLI;VIA S. VINCENZO DE' PAOLI;;;Investimento di pedone;Incrocio;Una carreggiata a senso unico di marcia;Asciutto;Asfaltata;Verticale ed orizzontale;Sereno;Normale;Buona;Ore Diurne;1;0;0;1;;;-1;1;Autocarro inferiore 35 q.;In marcia / fermata / arresto;Conducente;M;Illeso;0;;Non accertato;Inesistente
1845037;16;01/07/2010 13:45;Strada Urbana;VIA DELLA PISANA;in corrispondenza;;del civico n. ;295;;Investimento di pedone;Rettilineo;Una carreggiata a doppio senso;Asciutto;Asfaltata;Verticale ed orizzontale;Sereno;Normale;Buona;Ore Diurne;1;0;0;1;;;-1;;;;Pedone;M;Ricoverato;0;NON DECEDUTO;;
1845037;16;01/07/2010 13:45;Strada Urbana;VIA DELLA PISANA;in corrispondenza;;del civico n. ;295;;Investimento di pedone;Rettilineo;Una carreggiata a doppio senso;Asciutto;Asfaltata;Verticale ed orizzontale;Sereno;Normale;Buona;Ore Diurne;1;0;0;1;;;-1;1;Autovettura privata;In marcia / fermata / arresto;Conducente;F;Illeso;0;;Non accertato;Inesistente
1845038;16;01/07/2010 17:20;Strada Urbana;VIA AURELIA ANTICA;in prossimità;;del civico n. ;269;;Scontro laterale fra veicoli in marcia;Rettilineo;Una carreggiata a doppio senso;Asciutto;Asfaltata;Orizzontale;Sereno;Normale;Buona;Ore Diurne;1;0;0;1;;;-1;1;Autovettura privata;In marcia / fermata / arresto;Conducente;M;Illeso;0;;Non accertato;Inesploso