Protocollo;Gruppo;DataOraIncidente;Localizzazione1;STRADA1;Localizzazione2;STRADA2;Strada02;Chilometrica;DaSpecificare;NaturaIncidente;particolaritastrade;TipoStrada;FondoStradale;Pavimentazione;Segnaletica;CondizioneAtmosferica;Traffico;Visibilita;Illuminazione;NUM_FERITI;NUM_RISERVATA;NUM_MORTI;NUM_ILLESI;Longitudine;Latitudine;Confermato;Progressivo;TipoVeicolo;StatoVeicolo;TipoPersona;Sesso;Tipolesione;Deceduto;DecedutoDopo;CinturaCascoUtilizzato;Airbag
1845177;12;26/07/2010 16:30;Strada Urbana;VIALE BARTOLOMEO CAVACEPPI;all'intersezione con;VIALE LUIGI GUGLIELMI;VIALE LUIGI GUGLIELMI;;;Scontro laterale fra veicoli in marcia;Rotatoria;Una carreggiata a senso unico di marcia;Asciutto;Asfaltata;Verticale ed orizzontale;Sereno;Scarso;Buona;Ore Diurne;0;0;0;4;;;-1;2;Autovettura pubblica;In marcia / fermata / arresto;Conducente;M;Illeso;0;;Utilizzato;Inesploso
1845178;12;27/07/2010 11:30;Strada Urbana;VIALE DELLA GRANDE MURAGLIA;da specificare;;;;100 MT. da  Via O. Pacifico dir. Lione;Scontro laterale fra veicoli in marcia;Curva a visuale libera;Due carreggiate;Asciutto;Asfaltata;Verticale ed orizzontale;Sereno;Normale;Buona;Ore Diurne;0;0;0;3;;;-1;1;Autovettura privata;In marcia / fermata / arresto;Conducente;M;Illeso;0;;Utilizzato;Inesistente
1845178;12;27/07/2010 11:30;Strada Urbana;VIALE DELLA GRANDE MURAGLIA;da specificare;;;;100 MT. da  Via O. Pacifico dir. Lione;Scontro laterale fra veicoli in marcia;Curva a visuale libera;Due carreggiate;Asciutto;Asfaltata;Verticale ed orizzontale;Sereno;Normale;Buona;Ore Diurne;0;0;0;3;;;-1;1;Autovettura privata;In marcia / fermata / arresto;Passeggero;F;Illeso;0;;Utilizzato;Inesistente
1845178;12;27/07/2010 11:30;Strada Urbana;VIALE DELLA GRANDE MURAGLIA;da specificare;;;;100 MT. da  Via O. Pacifico dir. Lione;Scontro laterale fra veicoli in marcia;Curva a visuale libera;Due carreggiate;Asciutto;Asfaltata;Verticale ed orizzontale;Sereno;Normale;Buona;Ore Diurne;0;0;0;3;;;-1;2;Autocarro inferiore 35 q.;In marcia / fermata / arresto;Conducente;M;Illeso;0;;Utilizzato;Inesistente
1845179;12;27/07/2010 11:35;Strada Urbana;VIA CRISTOFORO COLOMBO;da specificare;;;;dir.Roma centro alt. laghetto (v.le Africa);Veicolo in marcia contro ostacolo fisso;Rettilineo;Una carreggiata a senso unico di marcia;Asciutto;Asfaltata;Verticale ed orizzontale;Sereno;Normale;Buona;Ore Diurne;1;0;0;0;;;-1;1;Autovettura privata;In marcia / fermata / arresto;Conducente;M;Rimandato;0;NON DECEDUTO;Utilizzato;Inesistente
1845180;12;27/07/2010 18:10;Strada Urbana;PIAZZALE DELL'INDUSTRIA;all'intersezione con;PIAZZALE DELL'INDUSTRIA;PIAZZALE DELL'INDUSTRIA;;;Scontro frontale/laterale SX fra veicoli in marcia;Incrocio;Una carreggiata a doppio senso;Asciutto;Asfaltata;Verticale ed orizzontale;Sereno;Scarso;Buona;Ore Diurne;0;0;0;2;;;-1;1;Autovettura privata;In marcia / fermata / arresto;Conducente;F;Illeso;0;;Non utilizzato;Inesploso
1845180;12;27/07/2010 18:10;Strada Urbana;PIAZZALE DELL'INDUSTRIA;all'intersezione con;PIAZZALE DELL'INDUSTRIA;PIAZZALE DELL'INDUSTRIA;;;Scontro frontale/laterale SX fra veicoli in marcia;Incrocio;Una carreggiata a doppio senso;Asciutto;Asfaltata;Verticale ed orizzontale;Sereno;Scarso;Buona;Ore Diurne;0;0;0;2;;;-1;2;Autovettura privata;In marcia / fermata / arresto;Conducente;F;Illeso;0;;Utilizzato;Esploso
1845182;13;25/07/2010 21:10;Provinciale;VIA LITORANEA;in corrispondenza;;della chilometrica ;3,4;;Tamponamento;Rettilineo;Una carreggiata a doppio senso;Asciutto;Asfaltata;Orizzontale;Sereno;Intenso;Buona;Inesistente;1;0;0;1;;;-1;1;Autovettura privata;In marcia / fermata / arresto;Conducente;F;Illeso;0;;Non accertato;Inesistente
1845182;13;25/07/2010 21:10;Provinciale;VIA LITORANEA;in corrispondenza;;della chilometrica ;3,4;;Tamponamento;Rettilineo;Una carreggiata a doppio senso;Asciutto;Asfaltata;Orizzontale;Sereno;Intenso;Buona;Inesistente;1;0;0;1;;;-1;2;Motociclo con passeggero;In marcia / fermata / arresto;Conducente;M;Ricoverato;0;NON DECEDUTO;Non accertato;Inesistente
1845183;13;27/07/2010 10:15;Strada Urbana;VIA TAGASTE;da specificare;;;;prossimità Via Corrado del Greco;Tamponamento;Rettilineo;Una carreggiata a doppio senso;Asciutto;Asfaltata;Verticale ed orizzontale;Sereno;Normale;Buona;Ore Diurne;0;0;0;2;;;-1;1;Autovettura privata;In marcia / fermata / arresto;Conducente;M;Illeso;0;;Non accertato;Esploso
1845183;13;27/07/2010 10:15;Strada Urbana;VIA TAGASTE;da specificare;;;;prossimità Via Corrado del Greco;Tamponamento;Rettilineo;Una carreggiata a doppio senso;Asciutto;Asfaltata;Verticale ed orizzontale;Sereno;Normale;Buona;Ore Diurne;0;0;0;2;;;-1;2;Autovettura privata;In marcia / fermata / arresto;Conducente;M;Illeso;0;;Non accertato;Inesploso
1845184;13;27/07/2010 12:20;Strada Urbana;VIA ERNESTO BOEZI;all'intersezione con;VIA STANISLAO FALCHI;VIA STANISLAO FALCHI;;;Scontro frontale/laterale DX fra veicoli in marcia;Incrocio;Una carreggiata a doppio senso;Asciutto;Asfaltata;Assente;Sereno;Normale;Buona;Ore Diurne;1;0;0;1;;;-1;1;Motociclo con passeggero;In marcia / fermata / arresto;Conducente;M;Rimandato;0;NON DECEDUTO;Non accertato;Inesistente
1845184;13;27/07/2010 12:20;Strada Urbana;VIA ERNESTO BOEZI;all'intersezione con;VIA STANISLAO FALCHI;VIA STANISLAO FALCHI;;;Scontro frontale/laterale DX fra veicoli in marcia;Incrocio;Una carreggiata a doppio senso;Asciutto;Asfaltata;Assente;Sereno;Normale;Buona;Ore Diurne;1;0;0;1;;;-1;2;Autovettura privata;In marcia / fermata / arresto;Conducente;M;Illeso;0;;Non accertato;Inesistente
1845185;13;27/07/2010 14:50;Strada Urbana;VIA ANTONIO ZOTTI;all'intersezione con;VIALE ALFREDO ZAMBRINI;VIALE ALFREDO ZAMBRINI;;;Scontro frontale/laterale SX fra veicoli in marcia;Incrocio;Una carreggiata a doppio senso;Asciutto;Asfaltata;Verticale ed orizzontale;Sereno;Normale;Buona;Ore Diurne;1;0;0;1;;;-1;1;Autovettura privata;In marcia / fermata / arresto;Conducente;M;Illeso;0;;Non accertato;Inesistente
1845185;13;27/07/2010 14:50;Strada Urbana;VIA ANTONIO ZOTTI;all'intersezione con;VIALE ALFREDO ZAMBRINI;VIALE ALFREDO ZAMBRINI;;;Scontro frontale/laterale SX fra veicoli in marcia;Incrocio;Una carreggiata a doppio senso;Asciutto;Asfaltata;Verticale ed orizzontale;Sereno;Normale;Buona;Ore Diurne;1;0;0;1;;;-1;2;Motociclo di polizia;In marcia / fermata / arresto;Conducente;M;Rimandato;0;NON DECEDUTO;Non accertato;Inesistente
1845186;13;27/07/2010 17:15;Strada Urbana;VIALE GIUSEPPE GENOESE ZERBI;all'intersezione con;VIALE DEI PROMONTORI;VIALE DEI PROMONTORI;;;Scontro frontale/laterale DX fra veicoli in marcia;Incrocio;Due carreggiate;Asciutto;Asfaltata;Verticale ed orizzontale;Sereno;Normale;Buona;Ore Diurne;1;0;0;1;;;-1;1;Autovettura privata;In marcia / fermata / arresto;Conducente;M;Illeso;0;;Non accertato;Inesploso
1845186;13;27/07/2010 17:15;Strada Urbana;VIALE GIUSEPPE GENOESE ZERBI;all'intersezione con;VIALE DEI PROMONTORI;VIALE DEI PROMONTORI;;;Scontro frontale/laterale DX fra veicoli in marcia;Incrocio;Due carreggiate;Asciutto;Asfaltata;Verticale ed orizzontale;Sereno;Normale;Buona;Ore Diurne;1;0;0;1;;;-1;2;Autocarro inferiore 35 q.;In marcia / fermata / arresto;Conducente;M;Rimandato;0;NON DECEDUTO;Non accertato;Inesploso
1845187;13;27/07/2010 17:30;Strada Urbana;VIA UMBERTO CAGNI;in corrispondenza;;del civico n. ;52;;Veicolo in marcia contro veicolo fermo;Rettilineo;Una carreggiata a senso unico di marcia;Asciutto;Asfaltata;Assente;Sereno;Normale;Buona;Ore Diurne;0;0;0;5;;;-1;1;Autovettura privata;In marcia / fermata / arresto;Conducente;F;Illeso;0;;Non accertato;Inesistente
1845187;13;27/07/2010 17:30;Strada Urbana;VIA UMBERTO CAGNI;in corrispondenza;;del civico n. ;52;;Veicolo in marcia contro veicolo fermo;Rettilineo;Una carreggiata a senso unico di marcia;Asciutto;Asfaltata;Assente;Sereno;Normale;Buona;Ore Diurne;0;0;0;5;;;-1;1;Autovettura privata;In marcia / fermata / arresto;Passeggero;F;Illeso;0;;Non accertato;Inesistente
1845187;13;27/07/2010 17:30;Strada Urbana;VIA UMBERTO CAGNI;in corrispondenza;;del civico n. ;52;;Veicolo in marcia contro veicolo fermo;Rettilineo;Una carreggiata a senso unico di marcia;Asciutto;Asfaltata;Assente;Sereno;Normale;Buona;Ore Diurne;0;0;0;5;;;-1;2;Autovettura privata;In marcia / fermata / arresto;Conducente;M;Illeso;0;;Non accertato;Inesploso
1845187;13;27/07/2010 17:30;Strada Urbana;VIA UMBERTO CAGNI;in corrispondenza;;del civico n. ;52;;Veicolo in marcia contro veicolo fermo;Rettilineo;Una carreggiata a senso unico di marcia;Asciutto;Asfaltata;Assente;Sereno;Normale;Buona;Ore Diurne;0;0;0;5;;;-1;2;Autovettura privata;In marcia / fermata / arresto;Passeggero;F;Illeso;0;;Non accertato;Inesistente
1845187;13;27/07/2010 17:30;Strada Urbana;VIA UMBERTO CAGNI;in corrispondenza;;del civico n. ;52;;Veicolo in marcia contro veicolo fermo;Rettilineo;Una carreggiata a senso unico di marcia;Asciutto;Asfaltata;Assente;Sereno;Normale;Buona;Ore Diurne;0;0;0;5;;;-1;2;Autovettura privata;In marcia / fermata / arresto;Passeggero;F;Illeso;0;;Non accertato;Inesistente
1845188;13;27/07/2010 19:40;Strada Urbana;VIA DELL'IDROSCALO;in corrispondenza;;del civico n. ;160;;Scontro frontale/laterale DX fra veicoli in marcia;Rettilineo;Una carreggiata a doppio senso;Asciutto;Asfaltata;Orizzontale;Sereno;Normale;Buona;Sufficiente;0;0;0;2;;;-1;2;Autovettura privata;In marcia / fermata / arresto;Conducente;F;Illeso;0;;Non accertato;Inesistente
1845188;13;27/07/2010 19:40;Strada Urbana;VIA DELL'IDROSCALO;in corrispondenza;;del civico n. ;160;;Scontro frontale/laterale DX fra veicoli in marcia;Rettilineo;Una carreggiata a doppio senso;Asciutto;Asfaltata;Orizzontale;Sereno;Normale;Buona;Sufficiente;0;0;0;2;;;-1;2;Autovettura privata;In marcia / fermata / arresto;Passeggero;M;Illeso;0;;Non accertato;Inesistente
1845189;16;20/07/2010 11:30;Strada Urbana;VIA DUCHESSA DI GALLIERA;da specificare;;;;in prossimita' del fronte civico 42;Tamponamento;Rettilineo;Una carreggiata a doppio senso;Asciutto;Asfaltata;Orizzontale;Sereno;Normale;Buona;Ore Diurne;0;0;0;2;;;-1;1;Motociclo con passeggero;In marcia / fermata / arresto;Conducente;M;Illeso;0;;Non accertato;Inesploso
1845189;16;20/07/2010 11:30;Strada Urbana;VIA DUCHESSA DI GALLIERA;da specificare;;;;in prossimita' del fronte civico 42;Tamponamento;Rettilineo;Una carreggiata a doppio senso;Asciutto;Asfaltata;Orizzontale;Sereno;Normale;Buona;Ore Diurne;0;0;0;2;;;-1;1;Motociclo con passeggero;In marcia / fermata / arresto;Passeggero;M;Illeso;0;;Non accertato;Inesploso
1845192;18;26/07/2010 11:30;Strada Urbana;VIA ANASTASIO II;da specificare;;;;prossimità intersezione con V. Richelmy;Tamponamento;Rettilineo;Due carreggiate;Asciutto;Asfaltata;Orizzontale;Sereno;Normale;Buona;Ore Diurne;0;0;0;4;;;-1;1;Autovettura privata;In marcia / fermata / arresto;Conducente;M;Illeso;0;;Non accertato;Inesploso
1845192;18;26/07/2010 11:30;Strada Urbana;VIA ANASTASIO II;da specificare;;;;prossimità intersezione con V. Richelmy;Tamponamento;Rettilineo;Due carreggiate;Asciutto;Asfaltata;Orizzontale;Sereno;Normale;Buona;Ore Diurne;0;0;0;4;;;-1;1;Autovettura privata;In marcia / fermata / arresto;Passeggero;M;Illeso;0;;Non accertato;Inesploso
1845192;18;26/07/2010 11:30;Strada Urbana;VIA ANASTASIO II;da specificare;;;;prossimità intersezione con V. Richelmy;Tamponamento;Rettilineo;Due carreggiate;Asciutto;Asfaltata;Orizzontale;Sereno;Normale;Buona;Ore Diurne;0;0;0;4;;;-1;2;Autovettura privata;In marcia / fermata / arresto;Conducente;M;Illeso;0;;Non accertato;Inesistente
1845192;18;26/07/2010 11:30;Strada Urbana;VIA ANASTASIO II;da specificare;;;;prossimità intersezione con V. Richelmy;Tamponamento;Rettilineo;Due carreggiate;Asciutto;Asfaltata;Orizzontale;Sereno;Normale;Buona;Ore Diurne;0;0;0;4;;;-1;2;Autovettura privata;In marcia / fermata / arresto;Passeggero;F;Illeso;0;;Non accertato;Inesistente
1845193;18;26/07/2010 19:55;Strada Urbana;VIA DI PORTA CAVALLEGGERI;da specificare;;;;fronte civ. 45;Scontro laterale fra veicoli in marcia;Rettilineo;Una carreggiata a doppio senso;Asciutto;Asfaltata;Verticale ed orizzontale;Sereno;Normale;Buona;Ore Diurne;1;0;0;1;;;-1;1;Motociclo a solo;In marcia / fermata / arresto;Conducente;M;Rimandato;0;NON DECEDUTO;Non accertato;Inesistente
1845193;18;26/07/2010 19:55;Strada Urbana;VIA DI PORTA CAVALLEGGERI;da specificare;;;;fronte civ. 45;Scontro laterale fra veicoli in marcia;Rettilineo;Una carreggiata a doppio senso;Asciutto;Asfaltata;Verticale ed orizzontale;Sereno;Normale;Buona;Ore Diurne;1;0;0;1;;;-1;2;Quadriciclo leggero;In marcia / fermata / arresto;Conducente;F;Illeso;0;;Non accertato;Inesistente
1845194;18;27/07/2010 09:15;Strada Urbana;CIRCONVALLAZIONE CORNELIA;all'intersezione semaforizzata con;PIAZZA S. GIOVANNI BATTISTA DE LA SALLE;PIAZZA S. GIOVANNI BATTISTA DE LA SALLE;;;Scontro laterale fra veicoli in marcia;Intersezione semaforizzata;Due carreggiate;Asciutto;Asfaltata;Verticale ed orizzontale;Sereno;Normale;Buona;Ore Diurne;0;0;0;2;;;-1;1;Autovettura privata;In marcia / fermata / arresto;Conducente;M;Illeso;0;;Non accertato;Inesploso
1845194;18;27/07/2010 09:15;Strada Urbana;CIRCONVALLAZIONE CORNELIA;all'intersezione semaforizzata con;PIAZZA S. GIOVANNI BATTISTA DE LA SALLE;PIAZZA S. GIOVANNI BATTISTA DE LA SALLE;;;Scontro laterale fra veicoli in marcia;Intersezione semaforizzata;Due carreggiate;Asciutto;Asfaltata;Verticale ed orizzontale;Sereno;Normale;Buona;Ore Diurne;0;0;0;2;;;-1;2;Motociclo a solo;In marcia / fermata / arresto;Conducente;M;Illeso;0;;Non accertato;Inesistente
1845195;18;27/07/2010 12:30;Statale entro l'abitato;VIA AURELIA;all'intersezione con;VIA PIETRO CIRIACI;VIA PIETRO CIRIACI;;;Scontro frontale/laterale DX fra veicoli in marcia;Incrocio;Una carreggiata a doppio senso;Asciutto;Asfaltata;Verticale ed orizzontale;Sereno;Normale;Buona;Ore Diurne;0;0;0;2;;;-1;1;Autovettura privata;In marcia / fermata / arresto;Conducente;M;Illeso;0;;Non accertato;Inesistente
1845195;18;27/07/2010 12:30;Statale entro l'abitato;VIA AURELIA;all'intersezione con;VIA PIETRO CIRIACI;VIA PIETRO CIRIACI;;;Scontro frontale/laterale DX fra veicoli in marcia;Incrocio;Una carreggiata a doppio senso;Asciutto;Asfaltata;Verticale ed orizzontale;Sereno;Normale;Buona;Ore Diurne;0;0;0;2;;;-1;2;Autovettura privata;In marcia / fermata / arresto;Conducente;M;Illeso;0;;Non accertato;Inesploso
1845196;18;27/07/2010 12:50;Strada Urbana;VIA GREGORIO VII;all'intersezione con;LARGO CARDINALE AGOSTINO GALAMINI;LARGO CARDINALE AGOSTINO GALAMINI;;;Ribaltamento senza urto contro ostacolo fisso;Intersezione stradale segnalata;Più di due carreggiate;Asciutto;Asfaltata;Verticale ed orizzontale;Sereno;Normale;Buona;Ore Diurne;1;0;0;0;;;-1;1;Motociclo a solo;In marcia / fermata / arresto;Conducente;M;Rimandato;0;NON DECEDUTO;Utilizzato;Inesistente
1845197;18;27/07/2010 17:00;Strada Urbana;VIA GREGORIO VII;in prossimità;;del civico n. ;374/c;;Scontro laterale fra veicoli in marcia;Curva a visuale libera;Più di due carreggiate;Asciutto;Asfaltata;Verticale ed orizzontale;Sereno;Intenso;Buona;Ore Diurne;1;0;0;3;;;-1;1;Autobus urbano;In marcia / fermata / arresto;Conducente;M;Illeso;0;;Esente;Inesistente
1845197;18;27/07/2010 17:00;Strada Urbana;VIA GREGORIO VII;in prossimità;;del civico n. ;374/c;;Scontro laterale fra veicoli in marcia;Curva a visuale libera;Più di due carreggiate;Asciutto;Asfaltata;Verticale ed orizzontale;Sereno;Intenso;Buona;Ore Diurne;1;0;0;3;;;-1;2;Autovettura privata;In marcia / fermata / arresto;Conducente;M;Rimandato;0;NON DECEDUTO;Non accertato;Inesploso
1845197;18;27/07/2010 17:00;Strada Urbana;VIA GREGORIO VII;in prossimità;;del civico n. ;374/c;;Scontro laterale fra veicoli in marcia;Curva a visuale libera;Più di due carreggiate;Asciutto;Asfaltata;Verticale ed orizzontale;Sereno;Intenso;Buona;Ore Diurne;1;0;0;3;;;-1;3;Autoambulanza;In marcia / fermata / arresto;Conducente;M;Illeso;0;;Esente;Inesploso
1845197;18;27/07/2010 17:00;Strada Urbana;VIA GREGORIO VII;in prossimità;;del civico n. ;374/c;;Scontro laterale fra veicoli in marcia;Curva a visuale libera;Più di due carreggiate;Asciutto;Asfaltata;Verticale ed orizzontale;Sereno;Intenso;Buona;Ore Diurne;1;0;0;3;;;-1;3;Autoambulanza;In marcia / fermata / arresto;Passeggero;F;Illeso;0;;Esente;Inesploso
1845198;18;27/07/2010 18:00;Strada Urbana;VIA RAFFAELE CONFORTI;all'intersezione con;VIA LUCA PASSI;VIA LUCA PASSI;;;Tamponamento;Incrocio;Una carreggiata a doppio senso;Asciutto;Asfaltata;Verticale ed orizzontale;Sereno;Scarso;Buona;Ore Diurne;0;0;0;4;;;-1;1;Autocarro inferiore 35 q.;In marcia / fermata / arresto;Conducente;M;Illeso;0;;Non accertato;Inesploso
1845198;18;27/07/2010 18:00;Strada Urbana;VIA RAFFAELE CONFORTI;all'intersezione con;VIA LUCA PASSI;VIA LUCA PASSI;;;Tamponamento;Incrocio;Una carreggiata a doppio senso;Asciutto;Asfaltata;Verticale ed orizzontale;Sereno;Scarso;Buona;Ore Diurne;0;0;0;4;;;-1;2;Autovettura privata;In marcia / fermata / arresto;Conducente;F;Illeso;0;;Non accertato;Inesploso
1845198;18;27/07/2010 18:00;Strada Urbana;VIA RAFFAELE CONFORTI;all'intersezione con;VIA LUCA PASSI;VIA LUCA PASSI;;;Tamponamento;Incrocio;Una carreggiata a doppio senso;Asciutto;Asfaltata;Verticale ed orizzontale;Sereno;Scarso;Buona;Ore Diurne;0;0;0;4;;;-1;2;Autovettura privata;In marcia / fermata / arresto;Passeggero;M;Illeso;0;;Non accertato;Inesploso
1845198;18;27/07/2010 18:00;Strada Urbana;VIA RAFFAELE CONFORTI;all'intersezione con;VIA LUCA PASSI;VIA LUCA PASSI;;;Tamponamento;Incrocio;Una carreggiata a doppio senso;Asciutto;Asfaltata;Verticale ed orizzontale;Sereno;Scarso;Buona;Ore Diurne;0;0;0;4;;;-1;2;Autovettura privata;In marcia / fermata / arresto;Passeggero;F;Illeso;0;;Non utilizzato;Inesistente
1845199;18;27/07/2010 18:50;Strada Urbana;PIAZZA PIO XI;da specificare;;;;prossimità civ. 54;Tamponamento;Rettilineo;Più di due carreggiate;Asciutto;Asfaltata;Verticale ed orizzontale;Sereno;Normale;Buona;Ore Diurne;0;0;0;2;;;-1;1;Autovettura privata;In marcia / fermata / arresto;Conducente;F;Illeso;0;;Non accertato;Inesploso
1845199;18;27/07/2010 18:50;Strada Urbana;PIAZZA PIO XI;da specificare;;;;prossimità civ. 54;Tamponamento;Rettilineo;Più di due carreggiate;Asciutto;Asfaltata;Verticale ed orizzontale;Sereno;Normale;Buona;Ore Diurne;0;0;0;2;;;-1;2;Motociclo a solo;In marcia / fermata / arresto;Conducente;M;Illeso;0;;Utilizzato;Inesistente
1845200;18;27/07/2010 19:20;Strada Urbana;VIA DELLA MAGLIANELLA;da specificare;;;;prossimità GRA;Scontro frontale fra veicoli in marcia;Rettilineo;Una carreggiata a doppio senso;Asciutto;Asfaltata;Verticale ed orizzontale;Sereno;Normale;Buona;Ore Diurne;1;0;0;1;;;-1;1;Autovettura privata;In marcia / fermata / arresto;Conducente;M;Illeso;0;;Non accertato;Inesploso
1845200;18;27/07/2010 19:20;Strada Urbana;VIA DELLA MAGLIANELLA;da specificare;;;;prossimità GRA;Scontro frontale fra veicoli in marcia;Rettilineo;Una carreggiata a doppio senso;Asciutto;Asfaltata;Verticale ed orizzontale;Sereno;Normale;Buona;Ore Diurne;1;0;0;1;;;-1;2;Motociclo a solo;In marcia / fermata / arresto;Conducente;M;Rimandato;0;NON DECEDUTO;Non accertato;Inesistente
1845201;18;27/07/2010 20:00;Strada Urbana;VIA DI BOCCEA;in corrispondenza;;del fronte civico n. ;587;;Scontro laterale fra veicoli in marcia;Rettilineo;Una carreggiata a doppio senso;Asciutto;Asfaltata;Orizzontale;Sereno;Intenso;Buona;Ore Diurne;1;0;0;1;;;-1;1;Motociclo a solo;In marcia / fermata / arresto;Conducente;M;Rifiuta cure immediate;0;NON DECEDUTO;Utilizzato;Inesistente
1845201;18;27/07/2010 20:00;Strada Urbana;VIA DI BOCCEA;in corrispondenza;;del fronte civico n. ;587;;Scontro laterale fra veicoli in marcia;Rettilineo;Una carreggiata a doppio senso;Asciutto;Asfaltata;Orizzontale;Sereno;Intenso;Buona;Ore Diurne;1;0;0;1;;;-1;2;Autovettura privata;In marcia / fermata / arresto;Conducente;M;Illeso;0;;Non accertato;Inesploso
1845202;18;28/07/2010 07:35;Strada Urbana;VIA DELLA PINETA SACCHETTI;all'intersezione con;VIA CALISTO II;VIA CALISTO II;;;Scontro frontale/laterale SX fra veicoli in marcia;Intersezione stradale segnalata;Una carreggiata a doppio senso;Asciutto;Asfaltata;Verticale ed orizzontale;Sereno;Intenso;Buona;Ore Diurne;1;0;0;2;;;-1;1;Motociclo a solo;In marcia / fermata / arresto;Conducente;M;Illeso;0;;Non accertato;Inesistente
1845202;18;28/07/2010 07:35;Strada Urbana;VIA DELLA PINETA SACCHETTI;all'intersezione con;VIA CALISTO II;VIA CALISTO II;;;Scontro frontale/laterale SX fra veicoli in marcia;Intersezione stradale segnalata;Una carreggiata a doppio senso;Asciutto;Asfaltata;Verticale ed orizzontale;Sereno;Intenso;Buona;Ore Diurne;1;0;0;2;;;-1;2;Motociclo a solo;In marcia / fermata / arresto;Conducente;M;Rifiuta cure immediate;0;NON DECEDUTO;Non accertato;Inesistente
1845202;18;28/07/2010 07:35;Strada Urbana;VIA DELLA PINETA SACCHETTI;all'intersezione con;VIA CALISTO II;VIA CALISTO II;;;Scontro frontale/laterale SX fra veicoli in marcia;Intersezione stradale segnalata;Una carreggiata a doppio senso;Asciutto;Asfaltata;Verticale ed orizzontale;Sereno;Intenso;Buona;Ore Diurne;1;0;0;2;;;-1;2;Motociclo a solo;In marcia / fermata / arresto;Passeggero;M;Illeso;0;;Non accertato;Inesistente
1845203;2;26/07/2010 11:40;Strada Urbana;VIALE ETIOPIA;all'intersezione semaforizzata con;PIAZZA GONDAR;PIAZZA GONDAR;;;Scontro laterale fra veicoli in marcia;Intersezione semaforizzata;Una carreggiata a doppio senso;Asciutto;Asfaltata;Verticale ed orizzontale;Sereno;Normale;Buona;Ore Diurne;1;0;0;1;;;-1;1;Motociclo a solo;In marcia / fermata / arresto;Conducente;M;Rifiuta cure immediate;0;NON DECEDUTO;Non accertato;Inesistente
1845203;2;26/07/2010 11:40;Strada Urbana;VIALE ETIOPIA;all'intersezione semaforizzata con;PIAZZA GONDAR;PIAZZA GONDAR;;;Scontro laterale fra veicoli in marcia;Intersezione semaforizzata;Una carreggiata a doppio senso;Asciutto;Asfaltata;Verticale ed orizzontale;Sereno;Normale;Buona;Ore Diurne;1;0;0;1;;;-1;2;Autovettura privata;In marcia / fermata / arresto;Conducente;M;Illeso;0;;Non accertato;Inesistente
1845204;2;26/07/2010 15:55;Strada Urbana;VIA GIAMBATTISTA VICO;in prossimità;;del civico n. ;29;;Veicolo in marcia contro veicolo in sosta;Rettilineo;Una carreggiata a doppio senso;Asciutto;Asfaltata;Verticale ed orizzontale;Sereno;Scarso;Buona;Ore Diurne;0;0;0;2;;;-1;1;Autovettura privata;In marcia / fermata / arresto;Conducente;M;Illeso;0;;Non accertato;Inesistente
1845204;2;26/07/2010 15:55;Strada Urbana;VIA GIAMBATTISTA VICO;in prossimità;;del civico n. ;29;;Veicolo in marcia contro veicolo in sosta;Rettilineo;Una carreggiata a doppio senso;Asciutto;Asfaltata;Verticale ed orizzontale;Sereno;Scarso;Buona;Ore Diurne;0;0;0;2;;;-1;2;Autovettura privata;In marcia / fermata / arresto;Conducente;F;Illeso;0;;Non accertato;Inesistente
1845205;2;26/07/2010 18:25;Strada Urbana;CORSO TRIESTE;in prossimità;;del civico n. ;93;;Scontro laterale fra veicoli in marcia;Rettilineo;Due carreggiate;Asciutto;Asfaltata;Orizzontale;Sereno;Normale;Buona;Ore Diurne;1;0;0;1;;;-1;1;Motociclo a solo;In marcia / fermata / arresto;Conducente;M;Rifiuta cure immediate;0;NON DECEDUTO;Non accertato;Inesistente
1845205;2;26/07/2010 18:25;Strada Urbana;CORSO TRIESTE;in prossimità;;del civico n. ;93;;Scontro laterale fra veicoli in marcia;Rettilineo;Due carreggiate;Asciutto;Asfaltata;Orizzontale;Sereno;Normale;Buona;Ore Diurne;1;0;0;1;;;-1;2;Autovettura privata;In marcia / fermata / arresto;Conducente;F;Illeso;0;;Non accertato;Inesistente
1845206;2;26/07/2010 20:40;Strada Urbana;VIALE SOMALIA;da specificare;;;;fronte civico 90;Scontro frontale fra veicoli in marcia;Rettilineo;Una carreggiata a doppio senso;Asciutto;Asfaltata;Orizzontale;Sereno;Normale;Buona;Ore Diurne;1;0;0;1;;;-1;1;Autovettura privata;In marcia / fermata / arresto;Conducente;F;Rifiuta cure immediate;0;NON DECEDUTO;Non accertato;Inesistente
1845206;2;26/07/2010 20:40;Strada Urbana;VIALE SOMALIA;da specificare;;;;fronte civico 90;Scontro frontale fra veicoli in marcia;Rettilineo;Una carreggiata a doppio senso;Asciutto;Asfaltata;Orizzontale;Sereno;Normale;Buona;Ore Diurne;1;0;0;1;;;-1;2;Autovettura privata;Allontanatosi;Conducente;F;Illeso;0;;Non accertato;Inesistente