Protocollo;Gruppo;DataOraIncidente;Localizzazione1;STRADA1;Localizzazione2;STRADA2;Strada02;Chilometrica;DaSpecificare;NaturaIncidente;particolaritastrade;TipoStrada;FondoStradale;Pavimentazione;Segnaletica;CondizioneAtmosferica;Traffico;Visibilita;Illuminazione;NUM_FERITI;NUM_RISERVATA;NUM_MORTI;NUM_ILLESI;Longitudine;Latitudine;Confermato;Progressivo;TipoVeicolo;StatoVeicolo;TipoPersona;Sesso;Tipolesione;Deceduto;DecedutoDopo;CinturaCascoUtilizzato;Airbag
1846449;17;24/07/2010 17:55;Strada Urbana;PIAZZA DEL RISORGIMENTO;all'intersezione semaforizzata con;VIA DI PORTA ANGELICA;VIA DI PORTA ANGELICA;;;Investimento di pedone;Intersezione semaforizzata;Una carreggiata a senso unico di marcia;Asciutto;Asfaltata;Verticale ed orizzontale;Sereno;Normale;Buona;Ore Diurne;1;0;0;1;;;-1;1;Ciclomotore;In marcia / fermata / arresto;Conducente;M;Illeso;0;;Non accertato;Inesistente
1846471;4;27/07/2010 08:40;Strada Urbana;VIA GIOVANNI VERGA;da specificare;;;;all'Intersezione con via G, Stampa;Investimento di pedone;Rettilineo;Una carreggiata a senso unico di marcia;Asciutto;Asfaltata;Verticale ed orizzontale;Sereno;Scarso;Buona;Ore Diurne;0;1;0;2;;;-1;;;;Pedone;F;Prognosi riservata;0;NON DECEDUTO;;
1846471;4;27/07/2010 08:40;Strada Urbana;VIA GIOVANNI VERGA;da specificare;;;;all'Intersezione con via G, Stampa;Investimento di pedone;Rettilineo;Una carreggiata a senso unico di marcia;Asciutto;Asfaltata;Verticale ed orizzontale;Sereno;Scarso;Buona;Ore Diurne;0;1;0;2;;;-1;1;Autovettura privata;In marcia / fermata / arresto;Conducente;M;Illeso;0;;Non accertato;Inesistente
1846471;4;27/07/2010 08:40;Strada Urbana;VIA GIOVANNI VERGA;da specificare;;;;all'Intersezione con via G, Stampa;Investimento di pedone;Rettilineo;Una carreggiata a senso unico di marcia;Asciutto;Asfaltata;Verticale ed orizzontale;Sereno;Scarso;Buona;Ore Diurne;0;1;0;2;;;-1;1;Autovettura privata;In marcia / fermata / arresto;Passeggero;M;Illeso;0;;Non accertato;Inesistente
1846472;4;27/07/2010 17:50;Strada Urbana;PIAZZALE JONIO;da specificare;;;;altezza rotatoria;Scontro laterale fra veicoli in marcia;Rettilineo;Una carreggiata a senso unico di marcia;Asciutto;Asfaltata;Verticale ed orizzontale;Sereno;Intenso;Buona;Ore Diurne;0;0;0;7;;;-1;1;Autocarro inferiore 35 q.;In marcia / fermata / arresto;Conducente;M;Illeso;0;;Non accertato;Inesistente
1846472;4;27/07/2010 17:50;Strada Urbana;PIAZZALE JONIO;da specificare;;;;altezza rotatoria;Scontro laterale fra veicoli in marcia;Rettilineo;Una carreggiata a senso unico di marcia;Asciutto;Asfaltata;Verticale ed orizzontale;Sereno;Intenso;Buona;Ore Diurne;0;0;0;7;;;-1;2;Autocarro inferiore 35 q.;In marcia / fermata / arresto;Conducente;M;Illeso;0;;Non accertato;Inesistente
1846472;4;27/07/2010 17:50;Strada Urbana;PIAZZALE JONIO;da specificare;;;;altezza rotatoria;Scontro laterale fra veicoli in marcia;Rettilineo;Una carreggiata a senso unico di marcia;Asciutto;Asfaltata;Verticale ed orizzontale;Sereno;Intenso;Buona;Ore Diurne;0;0;0;7;;;-1;2;Autocarro inferiore 35 q.;In marcia / fermata / arresto;Passeggero;M;Illeso;0;;Non accertato;Inesistente
1846472;4;27/07/2010 17:50;Strada Urbana;PIAZZALE JONIO;da specificare;;;;altezza rotatoria;Scontro laterale fra veicoli in marcia;Rettilineo;Una carreggiata a senso unico di marcia;Asciutto;Asfaltata;Verticale ed orizzontale;Sereno;Intenso;Buona;Ore Diurne;0;0;0;7;;;-1;3;Autovettura privata;In marcia / fermata / arresto;Conducente;M;Illeso;0;;Non accertato;Inesistente
1846472;4;27/07/2010 17:50;Strada Urbana;PIAZZALE JONIO;da specificare;;;;altezza rotatoria;Scontro laterale fra veicoli in marcia;Rettilineo;Una carreggiata a senso unico di marcia;Asciutto;Asfaltata;Verticale ed orizzontale;Sereno;Intenso;Buona;Ore Diurne;0;0;0;7;;;-1;4;Autovettura privata;In marcia / fermata / arresto;Conducente;F;Illeso;0;;Non accertato;Inesistente
1846472;4;27/07/2010 17:50;Strada Urbana;PIAZZALE JONIO;da specificare;;;;altezza rotatoria;Scontro laterale fra veicoli in marcia;Rettilineo;Una carreggiata a senso unico di marcia;Asciutto;Asfaltata;Verticale ed orizzontale;Sereno;Intenso;Buona;Ore Diurne;0;0;0;7;;;-1;4;Autovettura privata;In marcia / fermata / arresto;Passeggero;M;Illeso;0;;Non accertato;Inesistente
1846472;4;27/07/2010 17:50;Strada Urbana;PIAZZALE JONIO;da specificare;;;;altezza rotatoria;Scontro laterale fra veicoli in marcia;Rettilineo;Una carreggiata a senso unico di marcia;Asciutto;Asfaltata;Verticale ed orizzontale;Sereno;Intenso;Buona;Ore Diurne;0;0;0;7;;;-1;5;Autovettura privata;In marcia / fermata / arresto;Conducente;F;Illeso;0;;Non accertato;Inesistente
1846473;4;28/07/2010 08:15;Strada Urbana;VIA SAN LEO;in corrispondenza;;del civico n. ;18;;Scontro frontale fra veicoli in marcia;Rettilineo;Una carreggiata a doppio senso;Asciutto;Asfaltata;Verticale ed orizzontale;Sereno;Normale;Buona;Ore Diurne;0;0;0;2;;;-1;1;Autovettura privata;In marcia / fermata / arresto;Conducente;F;Illeso;0;;Non accertato;Inesistente
1846473;4;28/07/2010 08:15;Strada Urbana;VIA SAN LEO;in corrispondenza;;del civico n. ;18;;Scontro frontale fra veicoli in marcia;Rettilineo;Una carreggiata a doppio senso;Asciutto;Asfaltata;Verticale ed orizzontale;Sereno;Normale;Buona;Ore Diurne;0;0;0;2;;;-1;2;Motociclo a solo;In marcia / fermata / arresto;Conducente;M;Illeso;0;;Non accertato;Inesistente
1846474;4;28/07/2010 10:45;Strada Urbana;VIA DELLE ISOLE CURZOLANE;in corrispondenza;;del civico n. ;41;;Scontro laterale fra veicoli in marcia;Rettilineo;Due carreggiate;Asciutto;Asfaltata;Verticale ed orizzontale;Sereno;Normale;Buona;Ore Diurne;0;0;0;2;;;-1;1;Autovettura privata;In marcia / fermata / arresto;Conducente;F;Illeso;0;;Non accertato;Inesistente
1846474;4;28/07/2010 10:45;Strada Urbana;VIA DELLE ISOLE CURZOLANE;in corrispondenza;;del civico n. ;41;;Scontro laterale fra veicoli in marcia;Rettilineo;Due carreggiate;Asciutto;Asfaltata;Verticale ed orizzontale;Sereno;Normale;Buona;Ore Diurne;0;0;0;2;;;-1;2;Autovettura privata;In marcia / fermata / arresto;Conducente;M;Illeso;0;;Non accertato;Inesistente
1846518;17;01/07/2010 01:50;Strada Urbana;VIA CRESCENZIO;all'intersezione con;PIAZZA CAVOUR;PIAZZA CAVOUR;;;Scontro frontale/laterale SX fra veicoli in marcia;Incrocio;Una carreggiata a doppio senso;Asciutto;Acciotolata;Orizzontale;Sereno;Scarso;Buona;Sufficiente;0;0;0;3;;;-1;1;Autovettura privata;In marcia / fermata / arresto;Conducente;M;Illeso;0;;Non accertato;Esploso
1846518;17;01/07/2010 01:50;Strada Urbana;VIA CRESCENZIO;all'intersezione con;PIAZZA CAVOUR;PIAZZA CAVOUR;;;Scontro frontale/laterale SX fra veicoli in marcia;Incrocio;Una carreggiata a doppio senso;Asciutto;Acciotolata;Orizzontale;Sereno;Scarso;Buona;Sufficiente;0;0;0;3;;;-1;1;Autovettura privata;In marcia / fermata / arresto;Passeggero;F;Illeso;0;;Non accertato;Esploso
1846518;17;01/07/2010 01:50;Strada Urbana;VIA CRESCENZIO;all'intersezione con;PIAZZA CAVOUR;PIAZZA CAVOUR;;;Scontro frontale/laterale SX fra veicoli in marcia;Incrocio;Una carreggiata a doppio senso;Asciutto;Acciotolata;Orizzontale;Sereno;Scarso;Buona;Sufficiente;0;0;0;3;;;-1;2;Autovettura privata;In marcia / fermata / arresto;Conducente;M;Illeso;0;;Non accertato;Inesistente
1846540;4;28/07/2010 01:20;Strada Urbana;VIA DELLE VIGNE NUOVE;all'intersezione con;VIA MONTE FUMAIOLO;VIA MONTE FUMAIOLO;;;Veicolo in marcia contro veicoli in sosta;Intersezione stradale segnalata;Una carreggiata a doppio senso;Asciutto;Asfaltata;Verticale;Sereno;Scarso;Buona;Sufficiente;1;0;0;0;;;-1;1;Autovettura privata;In marcia / fermata / arresto;Conducente;M;Rimandato;0;NON DECEDUTO;Non accertato;Inesistente
1846541;4;28/07/2010 08:50;Strada Urbana;VIA FRANCO SACCHETTI;all'intersezione con;VIA CARLO DOSSI;VIA CARLO DOSSI;;;Scontro frontale/laterale SX fra veicoli in marcia;Incrocio;Una carreggiata a doppio senso;Asciutto;Asfaltata;Verticale ed orizzontale;Sereno;Scarso;Buona;Ore Diurne;1;0;0;1;;;-1;1;Autovettura privata;In marcia / fermata / arresto;Conducente;M;Rimandato;0;NON DECEDUTO;Non accertato;Inesistente
1846541;4;28/07/2010 08:50;Strada Urbana;VIA FRANCO SACCHETTI;all'intersezione con;VIA CARLO DOSSI;VIA CARLO DOSSI;;;Scontro frontale/laterale SX fra veicoli in marcia;Incrocio;Una carreggiata a doppio senso;Asciutto;Asfaltata;Verticale ed orizzontale;Sereno;Scarso;Buona;Ore Diurne;1;0;0;1;;;-1;2;Autovettura privata;In marcia / fermata / arresto;Conducente;M;Illeso;0;;Non accertato;Inesistente
1846542;4;28/07/2010 12:00;Strada Urbana;VIA DARIO NICCODEMI;in prossimità;;del civico n. ;37/c;;Veicolo in marcia contro veicolo in sosta;Rettilineo;Una carreggiata a doppio senso;Asciutto;Asfaltata;Verticale ed orizzontale;Sereno;Scarso;Buona;Ore Diurne;0;0;0;2;;;-1;1;Autovettura privata;In marcia / fermata / arresto;Conducente;F;Illeso;0;;Non accertato;Inesploso
1846542;4;28/07/2010 12:00;Strada Urbana;VIA DARIO NICCODEMI;in prossimità;;del civico n. ;37/c;;Veicolo in marcia contro veicolo in sosta;Rettilineo;Una carreggiata a doppio senso;Asciutto;Asfaltata;Verticale ed orizzontale;Sereno;Scarso;Buona;Ore Diurne;0;0;0;2;;;-1;1;Autovettura privata;In marcia / fermata / arresto;Passeggero;M;Illeso;0;;Non accertato;Inesistente
1846543;4;28/07/2010 15:40;Strada Urbana;VIA LUIGI CHIARINI;in corrispondenza;;del civico n. ;8;;Scontro frontale fra veicoli in marcia;Curva senza visuale libera;Una carreggiata a senso unico di marcia;Asciutto;Asfaltata;Orizzontale;Sereno;Normale;Buona;Ore Diurne;1;0;0;1;;;-1;1;Autovettura privata;In marcia / fermata / arresto;Conducente;M;Rimandato;0;NON DECEDUTO;Non accertato;Esploso
1846543;4;28/07/2010 15:40;Strada Urbana;VIA LUIGI CHIARINI;in corrispondenza;;del civico n. ;8;;Scontro frontale fra veicoli in marcia;Curva senza visuale libera;Una carreggiata a senso unico di marcia;Asciutto;Asfaltata;Orizzontale;Sereno;Normale;Buona;Ore Diurne;1;0;0;1;;;-1;2;Motociclo a solo;In marcia / fermata / arresto;Conducente;M;Illeso;0;;Non accertato;Inesistente
1846547;5;04/07/2010 09:35;Strada Urbana;VIA GIUSEPPE ANTONIO ANDRIULLI;da specificare;;;;inversione di marcia alt. Via della Serenissima;Scontro laterale fra veicoli in marcia;Rettilineo;Due carreggiate;Asciutto;Asfaltata;Verticale ed orizzontale;Sereno;Normale;Buona;Ore Diurne;0;0;0;2;;;-1;1;Autovettura privata;In marcia / fermata / arresto;Conducente;M;Illeso;0;;Non accertato;Inesistente
1846547;5;04/07/2010 09:35;Strada Urbana;VIA GIUSEPPE ANTONIO ANDRIULLI;da specificare;;;;inversione di marcia alt. Via della Serenissima;Scontro laterale fra veicoli in marcia;Rettilineo;Due carreggiate;Asciutto;Asfaltata;Verticale ed orizzontale;Sereno;Normale;Buona;Ore Diurne;0;0;0;2;;;-1;2;Autovettura privata;In marcia / fermata / arresto;Conducente;M;Illeso;0;;Non accertato;Inesistente
1846564;11;14/07/2010 17:00;Strada Urbana;VIA APPIA PIGNATELLI;all'intersezione con;VICOLO DI S. URBANO;VICOLO DI S. URBANO;;;Tamponamento Multiplo;Incrocio;Due carreggiate;Asciutto;Asfaltata;Verticale ed orizzontale;Sereno;Intenso;Buona;Ore Diurne;2;0;0;2;;;-1;1;Autovettura privata;In marcia / fermata / arresto;Conducente;M;Rifiuta cure immediate;0;NON DECEDUTO;Non accertato;Inesistente
1846564;11;14/07/2010 17:00;Strada Urbana;VIA APPIA PIGNATELLI;all'intersezione con;VICOLO DI S. URBANO;VICOLO DI S. URBANO;;;Tamponamento Multiplo;Incrocio;Due carreggiate;Asciutto;Asfaltata;Verticale ed orizzontale;Sereno;Intenso;Buona;Ore Diurne;2;0;0;2;;;-1;2;Autovettura privata;In marcia / fermata / arresto;Conducente;M;Rifiuta cure immediate;0;NON DECEDUTO;Non accertato;Inesistente
1846564;11;14/07/2010 17:00;Strada Urbana;VIA APPIA PIGNATELLI;all'intersezione con;VICOLO DI S. URBANO;VICOLO DI S. URBANO;;;Tamponamento Multiplo;Incrocio;Due carreggiate;Asciutto;Asfaltata;Verticale ed orizzontale;Sereno;Intenso;Buona;Ore Diurne;2;0;0;2;;;-1;3;Autovettura pubblica;In marcia / fermata / arresto;Conducente;M;Illeso;0;;Non accertato;Inesistente
1846564;11;14/07/2010 17:00;Strada Urbana;VIA APPIA PIGNATELLI;all'intersezione con;VICOLO DI S. URBANO;VICOLO DI S. URBANO;;;Tamponamento Multiplo;Incrocio;Due carreggiate;Asciutto;Asfaltata;Verticale ed orizzontale;Sereno;Intenso;Buona;Ore Diurne;2;0;0;2;;;-1;4;Autovettura privata;In marcia / fermata / arresto;Conducente;M;Illeso;0;;Non accertato;Inesistente
1846565;11;16/07/2010 17:45;Strada Urbana;VIA OSTIENSE;da specificare;;;;all' intersezione con VIA S. D' AMICO.;Veicolo in marcia contro veicoli in sosta;Rettilineo;Una carreggiata a doppio senso;Asciutto;Asfaltata;Verticale ed orizzontale;Sereno;Normale;Buona;Ore Diurne;0;0;0;3;;;-1;1;Autovettura privata;In marcia / fermata / arresto;Conducente;F;Illeso;0;;Non accertato;Inesistente
1846565;11;16/07/2010 17:45;Strada Urbana;VIA OSTIENSE;da specificare;;;;all' intersezione con VIA S. D' AMICO.;Veicolo in marcia contro veicoli in sosta;Rettilineo;Una carreggiata a doppio senso;Asciutto;Asfaltata;Verticale ed orizzontale;Sereno;Normale;Buona;Ore Diurne;0;0;0;3;;;-1;2;Autovettura privata;In marcia / fermata / arresto;Conducente;M;Illeso;0;;Non accertato;Inesistente
1846565;11;16/07/2010 17:45;Strada Urbana;VIA OSTIENSE;da specificare;;;;all' intersezione con VIA S. D' AMICO.;Veicolo in marcia contro veicoli in sosta;Rettilineo;Una carreggiata a doppio senso;Asciutto;Asfaltata;Verticale ed orizzontale;Sereno;Normale;Buona;Ore Diurne;0;0;0;3;;;-1;2;Autovettura privata;In marcia / fermata / arresto;Passeggero;M;Illeso;0;;Non accertato;Inesistente
1846566;11;16/07/2010 18:50;Strada Urbana;VIALE DI TOR MARANCIA;all'intersezione semaforizzata con;VIA ANDREA MANTEGNA;VIA ANDREA MANTEGNA;;;Scontro frontale/laterale DX fra veicoli in marcia;Incrocio;Due carreggiate;Asciutto;Asfaltata;Verticale ed orizzontale;Sereno;Normale;Buona;Ore Diurne;0;0;0;2;;;-1;1;Autovettura privata;In marcia / fermata / arresto;Conducente;F;Illeso;0;;Non accertato;Inesistente
1846566;11;16/07/2010 18:50;Strada Urbana;VIALE DI TOR MARANCIA;all'intersezione semaforizzata con;VIA ANDREA MANTEGNA;VIA ANDREA MANTEGNA;;;Scontro frontale/laterale DX fra veicoli in marcia;Incrocio;Due carreggiate;Asciutto;Asfaltata;Verticale ed orizzontale;Sereno;Normale;Buona;Ore Diurne;0;0;0;2;;;-1;2;Autovettura privata;In marcia / fermata / arresto;Conducente;M;Illeso;0;;Non accertato;Inesistente
1846576;17;01/07/2010 10:00;Strada Urbana;VIA CIPRO;in prossimità;;del civico n. ;82;;Scontro laterale fra veicoli in marcia;Rettilineo;Due carreggiate;Asciutto;Asfaltata;Verticale ed orizzontale;Sereno;Normale;Buona;Ore Diurne;0;0;0;3;;;-1;1;Autoveicolo trasp.promisc.;In marcia / fermata / arresto;Conducente;M;Illeso;0;;Non accertato;Inesploso
1846576;17;01/07/2010 10:00;Strada Urbana;VIA CIPRO;in prossimità;;del civico n. ;82;;Scontro laterale fra veicoli in marcia;Rettilineo;Due carreggiate;Asciutto;Asfaltata;Verticale ed orizzontale;Sereno;Normale;Buona;Ore Diurne;0;0;0;3;;;-1;1;Autoveicolo trasp.promisc.;In marcia / fermata / arresto;Passeggero;F;Illeso;0;;Non accertato;Inesploso
1846576;17;01/07/2010 10:00;Strada Urbana;VIA CIPRO;in prossimità;;del civico n. ;82;;Scontro laterale fra veicoli in marcia;Rettilineo;Due carreggiate;Asciutto;Asfaltata;Verticale ed orizzontale;Sereno;Normale;Buona;Ore Diurne;0;0;0;3;;;-1;2;Autocarro inferiore 35 q.;In marcia / fermata / arresto;Conducente;M;Illeso;0;;Non accertato;Inesploso
1846577;17;01/07/2010 12:15;Strada Urbana;VIA DELLA CAMILLUCCIA;in prossimità;;del civico n. ;11;;Tamponamento Multiplo;Rettilineo;Una carreggiata a senso unico di marcia;Asciutto;Asfaltata;Verticale;Sereno;Normale;Buona;Ore Diurne;0;0;0;5;;;-1;1;Autovettura pubblica;In marcia / fermata / arresto;Conducente;M;Illeso;0;;Non accertato;Inesploso
1846577;17;01/07/2010 12:15;Strada Urbana;VIA DELLA CAMILLUCCIA;in prossimità;;del civico n. ;11;;Tamponamento Multiplo;Rettilineo;Una carreggiata a senso unico di marcia;Asciutto;Asfaltata;Verticale;Sereno;Normale;Buona;Ore Diurne;0;0;0;5;;;-1;1;Autovettura pubblica;In marcia / fermata / arresto;Passeggero;M;Illeso;0;;Non accertato;Inesploso
1846577;17;01/07/2010 12:15;Strada Urbana;VIA DELLA CAMILLUCCIA;in prossimità;;del civico n. ;11;;Tamponamento Multiplo;Rettilineo;Una carreggiata a senso unico di marcia;Asciutto;Asfaltata;Verticale;Sereno;Normale;Buona;Ore Diurne;0;0;0;5;;;-1;2;Autovettura privata;In marcia / fermata / arresto;Conducente;M;Illeso;0;;Non accertato;Inesploso
1846577;17;01/07/2010 12:15;Strada Urbana;VIA DELLA CAMILLUCCIA;in prossimità;;del civico n. ;11;;Tamponamento Multiplo;Rettilineo;Una carreggiata a senso unico di marcia;Asciutto;Asfaltata;Verticale;Sereno;Normale;Buona;Ore Diurne;0;0;0;5;;;-1;3;Autovettura privata;In marcia / fermata / arresto;Conducente;F;Illeso;0;;Non accertato;Inesploso
1846577;17;01/07/2010 12:15;Strada Urbana;VIA DELLA CAMILLUCCIA;in prossimità;;del civico n. ;11;;Tamponamento Multiplo;Rettilineo;Una carreggiata a senso unico di marcia;Asciutto;Asfaltata;Verticale;Sereno;Normale;Buona;Ore Diurne;0;0;0;5;;;-1;3;Autovettura privata;In marcia / fermata / arresto;Passeggero Istruttore;M;Illeso;0;;Non accertato;Inesploso
1846578;17;02/07/2010 11:55;Strada Urbana;VIA DOMENICO MILLELIRE;in prossimità;;del civico n. ;41;;Veicolo in marcia contro veicolo fermo;Rettilineo;Una carreggiata a senso unico di marcia;Asciutto;Asfaltata;Verticale ed orizzontale;Sereno;Scarso;Buona;Ore Diurne;0;0;0;1;;;-1;1;Autovettura privata;In marcia / fermata / arresto;Conducente;F;Illeso;0;;Non accertato;Inesploso
1846579;17;29/07/2010 02:10;Strada Urbana;LUNGOTEVERE PRATI;all'intersezione semaforizzata con;VIA ULPIANO;VIA ULPIANO;;;Scontro frontale/laterale SX fra veicoli in marcia;Intersezione semaforizzata;Una carreggiata a senso unico di marcia;Asciutto;Asfaltata;Verticale ed orizzontale;Sereno;Scarso;Buona;Sufficiente;0;0;0;2;;;-1;1;Autovettura privata;In marcia / fermata / arresto;Conducente;M;Illeso;0;;Non accertato;Inesploso
1846579;17;29/07/2010 02:10;Strada Urbana;LUNGOTEVERE PRATI;all'intersezione semaforizzata con;VIA ULPIANO;VIA ULPIANO;;;Scontro frontale/laterale SX fra veicoli in marcia;Intersezione semaforizzata;Una carreggiata a senso unico di marcia;Asciutto;Asfaltata;Verticale ed orizzontale;Sereno;Scarso;Buona;Sufficiente;0;0;0;2;;;-1;1;Autovettura privata;In marcia / fermata / arresto;Passeggero;M;Illeso;0;;Non accertato;Inesistente
1846584;4;29/07/2010 10:45;Strada Urbana;VIA RENATO FUCINI;da specificare;;;;altezza VIA LUIGI CAPUANA;Investimento di pedone;Rettilineo;Due carreggiate;Asciutto;Asfaltata;Verticale ed orizzontale;Sereno;Normale;Buona;Ore Diurne;0;1;1;0;;;-1;;;;Pedone;M;Prognosi riservata;0;DECEDUTO ENTRO 1 MESE;;
1846584;4;29/07/2010 10:45;Strada Urbana;VIA RENATO FUCINI;da specificare;;;;altezza VIA LUIGI CAPUANA;Investimento di pedone;Rettilineo;Due carreggiate;Asciutto;Asfaltata;Verticale ed orizzontale;Sereno;Normale;Buona;Ore Diurne;0;1;1;0;;;-1;1;Autovettura privata;In marcia / fermata / arresto;Conducente;M;Illeso;0;;Non accertato;Inesistente
1846585;4;29/07/2010 12:30;Strada Urbana;VIA VAL DI LANZO;all'intersezione con;VIA VAL SANTERNO;VIA VAL SANTERNO;;;Scontro frontale/laterale SX fra veicoli in marcia;Incrocio;Una carreggiata a senso unico di marcia;Asciutto;Asfaltata;Verticale ed orizzontale;Sereno;Normale;Buona;Ore Diurne;2;0;0;0;;;-1;1;Autovettura privata;In marcia / fermata / arresto;Conducente;M;Rifiuta cure immediate;0;NON DECEDUTO;Non accertato;Inesploso
1846585;4;29/07/2010 12:30;Strada Urbana;VIA VAL DI LANZO;all'intersezione con;VIA VAL SANTERNO;VIA VAL SANTERNO;;;Scontro frontale/laterale SX fra veicoli in marcia;Incrocio;Una carreggiata a senso unico di marcia;Asciutto;Asfaltata;Verticale ed orizzontale;Sereno;Normale;Buona;Ore Diurne;2;0;0;0;;;-1;2;Autovettura privata;In marcia / fermata / arresto;Conducente;F;Rifiuta cure immediate;0;NON DECEDUTO;Non accertato;Inesploso
1846586;4;29/07/2010 14:30;Strada Urbana;VIA SALARIA;in prossimità;;del civico n. ;1398;;Scontro laterale fra veicoli in marcia;Rettilineo;Una carreggiata a senso unico di marcia;Asciutto;Asfaltata;Verticale ed orizzontale;Sereno;Normale;Sufficiente;Ore Diurne;0;0;0;2;;;-1;1;Autovettura privata;In marcia / fermata / arresto;Conducente;M;Illeso;0;;Non accertato;Inesistente
1846586;4;29/07/2010 14:30;Strada Urbana;VIA SALARIA;in prossimità;;del civico n. ;1398;;Scontro laterale fra veicoli in marcia;Rettilineo;Una carreggiata a senso unico di marcia;Asciutto;Asfaltata;Verticale ed orizzontale;Sereno;Normale;Sufficiente;Ore Diurne;0;0;0;2;;;-1;2;Autocarro inferiore 35 q.;In marcia / fermata / arresto;Conducente;M;Illeso;0;;Non accertato;Inesploso
1846587;4;30/07/2010 09:00;Provinciale entro l'abitato;VIA NOMENTANA;in prossimità;;del civico n. ;869;;Scontro laterale fra veicoli in marcia;Rettilineo;Una carreggiata a doppio senso;Bagnato (pioggia);Asfaltata;Verticale ed orizzontale;Nuvoloso;Normale;Buona;Ore Diurne;1;0;0;1;;;-1;1;Motociclo a solo;In marcia / fermata / arresto;Conducente;F;Rifiuta cure immediate;0;NON DECEDUTO;Utilizzato;Inesistente
1846587;4;30/07/2010 09:00;Provinciale entro l'abitato;VIA NOMENTANA;in prossimità;;del civico n. ;869;;Scontro laterale fra veicoli in marcia;Rettilineo;Una carreggiata a doppio senso;Bagnato (pioggia);Asfaltata;Verticale ed orizzontale;Nuvoloso;Normale;Buona;Ore Diurne;1;0;0;1;;;-1;2;Autovettura privata;In marcia / fermata / arresto;Conducente;M;Illeso;0;;Non accertato;Inesploso
1846588;4;30/07/2010 10:30;Strada Urbana;VIA VAGLIA;in prossimità;;del civico n. ;23/27;;Tamponamento;Rettilineo;Una carreggiata a doppio senso;Asciutto;Asfaltata;Verticale ed orizzontale;Sereno;Normale;Buona;Ore Diurne;0;0;0;3;;;-1;1;Autovettura privata;In marcia / fermata / arresto;Conducente;M;Illeso;0;;Utilizzato;Inesploso
1846588;4;30/07/2010 10:30;Strada Urbana;VIA VAGLIA;in prossimità;;del civico n. ;23/27;;Tamponamento;Rettilineo;Una carreggiata a doppio senso;Asciutto;Asfaltata;Verticale ed orizzontale;Sereno;Normale;Buona;Ore Diurne;0;0;0;3;;;-1;2;Autovettura privata;In marcia / fermata / arresto;Conducente;M;Illeso;0;;Non accertato;Inesploso
1846588;4;30/07/2010 10:30;Strada Urbana;VIA VAGLIA;in prossimità;;del civico n. ;23/27;;Tamponamento;Rettilineo;Una carreggiata a doppio senso;Asciutto;Asfaltata;Verticale ed orizzontale;Sereno;Normale;Buona;Ore Diurne;0;0;0;3;;;-1;3;Motociclo a solo;Allontanatosi;Conducente;M;Illeso;0;;Non accertato;Inesistente
1846589;4;30/07/2010 12:45;Strada Urbana;VIA MAIELLA;in corrispondenza;;del civico n. ;15;;Tamponamento;Rettilineo;Una carreggiata a senso unico di marcia;Asciutto;Asfaltata;Verticale ed orizzontale;Sereno;Normale;Buona;Ore Diurne;0;0;0;2;;;-1;1;Autovettura privata;In marcia / fermata / arresto;Conducente;F;Illeso;0;;Non accertato;Inesistente
1846589;4;30/07/2010 12:45;Strada Urbana;VIA MAIELLA;in corrispondenza;;del civico n. ;15;;Tamponamento;Rettilineo;Una carreggiata a senso unico di marcia;Asciutto;Asfaltata;Verticale ed orizzontale;Sereno;Normale;Buona;Ore Diurne;0;0;0;2;;;-1;2;Motociclo a solo;In marcia / fermata / arresto;Conducente;F;Illeso;0;;Non accertato;Inesistente
1846590;4;31/07/2010 02:50;Strada Urbana;VIA SALARIA;all'intersezione semaforizzata con;VIA GROTTAZZOLINA;VIA GROTTAZZOLINA;;;Scontro laterale fra veicoli in marcia;Intersezione semaforizzata;Due carreggiate;Asciutto;Asfaltata;Verticale ed orizzontale;Sereno;Scarso;Sufficiente;Sufficiente;0;0;0;3;;;-1;1;Autovettura privata;In marcia / fermata / arresto;Conducente;M;Illeso;0;;Non accertato;Inesistente
1846590;4;31/07/2010 02:50;Strada Urbana;VIA SALARIA;all'intersezione semaforizzata con;VIA GROTTAZZOLINA;VIA GROTTAZZOLINA;;;Scontro laterale fra veicoli in marcia;Intersezione semaforizzata;Due carreggiate;Asciutto;Asfaltata;Verticale ed orizzontale;Sereno;Scarso;Sufficiente;Sufficiente;0;0;0;3;;;-1;1;Autovettura privata;In marcia / fermata / arresto;Passeggero;M;Illeso;0;;Non accertato;Inesistente
1846590;4;31/07/2010 02:50;Strada Urbana;VIA SALARIA;all'intersezione semaforizzata con;VIA GROTTAZZOLINA;VIA GROTTAZZOLINA;;;Scontro laterale fra veicoli in marcia;Intersezione semaforizzata;Due carreggiate;Asciutto;Asfaltata;Verticale ed orizzontale;Sereno;Scarso;Sufficiente;Sufficiente;0;0;0;3;;;-1;2;Autocarro inferiore 35 q.;In marcia / fermata / arresto;Conducente;M;Illeso;0;;Non accertato;Inesistente